,num_nodes,num_edges,avg_degree,max_degree,degree_variance,degree_skewness,num_strongly_connected_components,avg_betweenness,max_betweenness,avg_closeness,max_closeness,avg_eigenvector,max_eigenvector
count,90.0,90.0,90.0,90.0,90.0,90.0,90.0,90.0,90.0,90.0,90.0,90.0,90.0
mean,35.7,34.7,1.9278946876401,5.088888888888889,1.397554242496416,0.9960612731868399,35.7,0.011405249067396353,0.05470694017182123,0.053427406260515495,0.06450115617793989,0.06022835432462673,0.6620990884324974
std,15.518347242009876,15.518347242009876,0.04682451524049459,1.128232628459264,0.4385908630525166,0.48711751189161306,15.518347242009876,0.008220813685640075,0.03212106800290292,0.02884322206465365,0.03842389009912001,0.042045470332741496,0.19744861151195117
min,6.0,5.0,1.6666666666666667,3.0,0.6875,0.2023183855872732,6.0,0.002836074872376631,0.01916376306620209,0.025108075324522965,0.028094820017559263,0.015660170334905653,0.3333187313530645
25%,23.25,22.25,1.9139492753623188,4.0,1.1420974899655152,0.6703637035909928,23.25,0.005987173208428038,0.029257216870647,0.033431904611335626,0.038906926406926404,0.03438234810351166,0.49996841330474895
50%,34.5,33.5,1.942016806722689,5.0,1.320936228769227,0.8844904066503569,34.5,0.008622560981051547,0.043961352657004835,0.04444827089084792,0.05307981778570013,0.047493379198813336,0.5773425810228228
75%,48.75,47.75,1.9589710884353742,6.0,1.546313347400016,1.186469731398841,48.75,0.013963690049049,0.06748966321196335,0.06341735063590652,0.07608695652173914,0.07019876959878073,0.7070787721819105
max,68.0,67.0,1.9705882352941178,10.0,3.990929705215418,3.177251556628679,68.0,0.04761904761904762,0.17142857142857143,0.18888888888888888,0.26666666666666666,0.23654038884888126,0.999941478886428
