,num_nodes,num_edges,avg_degree,max_degree,degree_variance,degree_skewness,num_weakly_connected_components,num_strongly_connected_components,avg_betweenness,max_betweenness,avg_closeness,max_closeness,avg_eigenvector,max_eigenvector
count,413.0,413.0,413.0,413.0,413.0,413.0,413.0,413.0,413.0,413.0,413.0,413.0,413.0,413.0
mean,8.225181598062955,7.3341404358353515,1.379530046058255,2.8256658595641646,0.7545438611203049,0.7045289213464913,0.8910411622276029,8.225181598062955,0.009684992834431035,0.040353086980650855,0.2077709420073645,0.33286876744234406,0.2631359029556788,0.6542938301392108
std,9.251089953020879,9.154272255817387,0.5764471473052828,1.7497905158173144,0.7702258432819302,0.5822354635261455,0.32715622400238753,9.251089953020879,0.015247819631167284,0.05731386242553553,0.15781001735864716,0.31664847602068397,0.1880673025282298,0.30166696518357666
min,0.0,0.0,0.0,0.0,0.0,-0.707106781186548,0.0,0.0,0.0,0.0,0.0,0.0,0.0,0.0
25%,2.0,1.0,1.0,1.0,0.0,0.0,1.0,2.0,0.0,0.0,0.08408029878618113,0.10294117647058823,0.08372147985885567,0.49999938194806265
50%,4.0,3.0,1.5,3.0,0.75,0.7071067811865479,1.0,4.0,0.0,0.0,0.17619047619047618,0.22857142857142856,0.25099749953385264,0.7070940068241364
75%,10.0,9.0,1.8,4.0,1.1875,1.1547005383792517,1.0,10.0,0.017857142857142856,0.07575757575757576,0.3333333333333333,0.5,0.47188801158819266,0.999941859477462
max,49.0,48.0,1.9591836734693877,9.0,5.760000000000001,2.6666666666666656,2.0,49.0,0.16666666666666666,0.5,0.5,1.0,0.5007047205837583,0.9999990053348863
