,num_nodes,num_edges,avg_degree,max_degree,degree_variance,degree_skewness,num_strongly_connected_components,avg_betweenness,max_betweenness,avg_closeness,max_closeness,avg_eigenvector,max_eigenvector
count,332.0,332.0,332.0,332.0,332.0,332.0,332.0,332.0,332.0,332.0,332.0,332.0,332.0
mean,31.566265060240966,30.566265060240966,1.9090830919553627,4.825301204819277,1.34373909345752,0.9525201210087905,31.566265060240966,0.013774290983626916,0.06367152380734542,0.06484838142457441,0.08018726913983532,0.07065848591215557,0.7165082418428619
std,15.602651235771436,15.602651235771436,0.07483152558738407,1.1735600161127184,0.40757426825953674,0.4806132194892762,15.602651235771436,0.012412795822272615,0.04240425842674844,0.04334050354721024,0.06270991466644248,0.06125929519939283,0.20960897706749437
min,3.0,2.0,1.3333333333333333,2.0,0.2222222222222222,0.15247097918348274,3.0,0.0,0.0,0.020232550371439263,0.02291666666666667,0.01297283018418197,0.31621843114843307
25%,20.0,19.0,1.9,4.0,1.082448979591837,0.6161300426345789,20.0,0.006875098051944539,0.03621552709605973,0.038068607710426645,0.044152276295133436,0.03398835234061251,0.5772531759306508
50%,31.0,30.0,1.935483870967742,5.0,1.2819765995104033,0.8427492058930467,31.0,0.011036825017088175,0.055384615384615386,0.04975003089852924,0.05939153439153439,0.049655902299187205,0.7070219414277892
75%,42.0,41.0,1.9523809523809523,5.0,1.5202720659782507,1.1663311223655457,42.0,0.01640720390720391,0.08090467968563944,0.07618316624895571,0.0935672514619883,0.07973467210677329,0.9997584971691438
max,81.0,80.0,1.9753086419753085,11.0,3.551020408163267,3.30309910761601,81.0,0.16666666666666666,0.5,0.38888888888888884,0.6666666666666666,0.4003139705785433,0.999997018338697
