,num_nodes,num_edges,avg_degree,max_degree,degree_variance,degree_skewness,num_weakly_connected_components,num_strongly_connected_components,avg_betweenness,max_betweenness,avg_closeness,max_closeness,avg_eigenvector,max_eigenvector
count,37.0,37.0,37.0,37.0,37.0,37.0,37.0,37.0,37.0,37.0,37.0,37.0,37.0,37.0
mean,6.783783783783784,5.918918918918919,1.3140257020475237,2.7027027027027026,0.6898398994105921,0.7562946693085251,0.8648648648648649,6.783783783783784,0.006346377869260191,0.028668428316299874,0.21634138900234048,0.3406244443246342,0.2974477741072752,0.5733225011691205
std,7.913192694394509,7.80092009665234,0.5962845199674774,1.7617047435945685,0.6326166578155489,0.5713857952292298,0.3465834966066909,7.913192694394509,0.011499271386451671,0.04946286329895766,0.15751039359346442,0.310841417416904,0.18887834776731566,0.2824140261630205
min,0.0,0.0,0.0,0.0,0.0,0.0,0.0,0.0,0.0,0.0,0.0,0.0,0.0,0.0
25%,2.0,1.0,1.0,1.0,0.0,0.0,1.0,2.0,0.0,0.0,0.08260192966075319,0.10084033613445378,0.1019622389262784,0.49999938194806265
50%,4.0,3.0,1.5,3.0,0.64,0.7071067811865479,1.0,4.0,0.0,0.0,0.2,0.25,0.4003139705785433,0.5773496063057992
75%,6.0,5.0,1.6666666666666667,4.0,1.4400000000000002,1.1547005383792517,1.0,6.0,0.007107843137254902,0.034482758620689655,0.3333333333333333,0.5,0.47188801158819266,0.7071060358259995
max,32.0,31.0,1.9375,7.0,1.7600000000000002,1.9339516485703359,1.0,32.0,0.03891941391941391,0.16666666666666666,0.5,1.0,0.5007047205837583,0.9999990053348863
