,num_nodes,num_edges,avg_degree,max_degree,degree_variance,degree_skewness,num_strongly_connected_components,avg_betweenness,max_betweenness,avg_closeness,max_closeness,avg_eigenvector,max_eigenvector
count,37.0,37.0,37.0,37.0,37.0,37.0,37.0,37.0,37.0,37.0,37.0,37.0,37.0
mean,31.54054054054054,30.54054054054054,1.9153685988023335,5.162162162162162,1.4271512988338466,1.1128099817191672,31.54054054054054,0.010610789668844165,0.05038210309098521,0.06030747615083111,0.07370818612966622,0.07143404132568576,0.6552575858202513
std,14.87465143306744,14.87465143306744,0.058603738029457966,1.0932498320124249,0.308642977711863,0.4655776006045659,14.87465143306744,0.0065970774448624965,0.026200720662685632,0.034427609425117245,0.046027070737626095,0.05478647664379857,0.18828060094206034
min,6.0,5.0,1.6666666666666667,3.0,0.5555555555555557,0.5057591088708614,6.0,0.0035554256769920124,0.01693889897156685,0.024167287205039616,0.027718550106609806,0.01967984585153447,0.4082097468904283
25%,22.0,21.0,1.9090909090909092,4.0,1.2098298676748582,0.7465867641504098,22.0,0.005710048201705598,0.03102836879432624,0.041214428714428715,0.04912280701754386,0.040740265352951714,0.49998170637885314
50%,31.0,30.0,1.935483870967742,5.0,1.4565376186997807,1.0415897085753654,31.0,0.008405797101449276,0.040229885057471264,0.04854406130268199,0.05747126436781609,0.05641037649241779,0.706956748674073
75%,39.0,38.0,1.9487179487179487,6.0,1.6377551020408168,1.3637097510086564,39.0,0.0130718954248366,0.06882591093117409,0.06860441146155431,0.08163265306122448,0.0753484115603202,0.7070786333422386
max,68.0,67.0,1.9705882352941178,8.0,2.138888888888889,2.492359504813521,68.0,0.02746305418719212,0.11699507389162561,0.19999999999999998,0.26666666666666666,0.2892924499711758,0.9999481034045054
