,num_nodes,num_edges,avg_degree,max_degree,degree_variance,degree_skewness,num_weakly_connected_components,num_strongly_connected_components,avg_betweenness,max_betweenness,avg_closeness,max_closeness,avg_eigenvector,max_eigenvector
count,90.0,90.0,90.0,90.0,90.0,90.0,90.0,90.0,90.0,90.0,90.0,90.0,90.0,90.0
mean,12.955555555555556,12.022222222222222,1.6187955907064766,3.577777777777778,1.0217507214556598,0.8079410918283968,0.9333333333333333,12.955555555555556,0.020537499943873286,0.0871027829797319,0.14691236580985262,0.21058422322566844,0.1774926357392857,0.6571360248523177
std,12.000853069969287,11.930489481823665,0.4806690412223371,1.6213309678673853,0.681070617145421,0.6074751557467588,0.25084128112136317,12.000853069969287,0.01722295847858724,0.06586959198920833,0.10735602886592727,0.196004840349593,0.13448581596310152,0.2519298268208632
min,0.0,0.0,0.0,0.0,0.0,-0.4082482904638636,0.0,0.0,0.0,0.0,0.0,0.0,0.0,0.0
25%,5.0,4.0,1.6,3.0,0.64,0.3528202807478061,1.0,5.0,0.006909756909756909,0.03818681318681319,0.0701793067808031,0.08392857142857142,0.07510696229793977,0.577335186999596
50%,9.0,8.0,1.7777777777777777,4.0,0.9666676512287335,0.772298235873741,1.0,9.0,0.017960858585858587,0.0795120320855615,0.12363636363636363,0.15367965367965364,0.13185679882150597,0.7069935109305563
75%,17.75,16.75,1.8872549019607843,4.0,1.4384000000000001,1.1696514615845008,1.0,17.75,0.03333333333333333,0.1318181818181818,0.2333333333333333,0.3333333333333333,0.2509974995338527,0.7071043002472095
max,58.0,57.0,1.9655172413793103,7.0,3.0612244897959187,2.3192056195905555,1.0,58.0,0.08333333333333333,0.25,0.5,1.0,0.5007047205837583,0.9999990053348863
