,num_nodes,num_edges,avg_degree,max_degree,degree_variance,degree_skewness,num_strongly_connected_components,avg_betweenness,max_betweenness,avg_closeness,max_closeness,avg_eigenvector,max_eigenvector
count,413.0,413.0,413.0,413.0,413.0,413.0,413.0,413.0,413.0,413.0,413.0,413.0,413.0
mean,33.26634382566586,32.26634382566586,1.9201026441454117,4.968523002421308,1.4186208016166733,0.9781860412203941,33.26634382566586,0.011264888103631255,0.055004781408721934,0.057740584509882245,0.06987651741372071,0.0667796390936643,0.6858000558299909
std,15.173007312999356,15.173007312999356,0.05554894357344579,1.1412295352023396,0.48100014320253254,0.5095372618912529,15.173007312999356,0.00752680854890246,0.03010495765348793,0.03220651744006337,0.04354580330461919,0.05508288874956934,0.2069080995036683
min,4.0,3.0,1.5,2.0,0.25,0.0,4.0,0.0,0.0,0.020195049261314324,0.022486772486772486,0.012522257170552702,0.31621171138006254
25%,21.0,20.0,1.9047619047619047,4.0,1.1240234375,0.6384977858201314,21.0,0.005889459377831471,0.032196969696969696,0.03636291725992723,0.042328042328042326,0.032357518412085666,0.49999369108638847
50%,32.0,31.0,1.9375,5.0,1.2844387755102038,0.8729475337374701,32.0,0.009141058373578597,0.04926108374384237,0.048039923039923035,0.05681818181818182,0.04935678283055015,0.7069480929201227
75%,44.0,43.0,1.9545454545454546,6.0,1.5670895809304117,1.189871457015445,44.0,0.014642220524573465,0.07142857142857142,0.06798245614035088,0.08333333333333333,0.07761093343739199,0.9992770681259777
max,85.0,84.0,1.9764705882352942,10.0,3.9375,3.1792783145031978,85.0,0.05477855477855478,0.25,0.27777777777777773,0.4444444444444444,0.3501666168109075,0.9999960159898129
