,num_nodes,num_edges,avg_degree,max_degree,degree_variance,degree_skewness,num_strongly_connected_components,avg_betweenness,max_betweenness,avg_closeness,max_closeness,avg_eigenvector,max_eigenvector
count,79.0,79.0,79.0,79.0,79.0,79.0,79.0,79.0,79.0,79.0,79.0,79.0,79.0
mean,26.835443037974684,25.835443037974684,1.8598056316290308,4.518987341772152,1.266411293314025,0.869284126653781,26.835443037974684,0.01335251031656593,0.06123514254075725,0.08955243272764812,0.12837350167162467,0.09617885663386512,0.7070081947847646
std,14.819798244021698,14.819798244021698,0.19592710161098653,1.4038478211565242,0.5448109540249974,0.5033697223001532,14.819798244021698,0.012122893259235339,0.046398809619122613,0.09765719379883611,0.1925412823391509,0.10115653178600151,0.21750667545385968
min,2.0,1.0,1.0,1.0,0.0,0.0,2.0,0.0,0.0,0.027748489998943717,0.031578947368421054,0.017974210012132976,0.3333187313530645
25%,16.5,15.5,1.8786764705882353,4.0,1.0721696949347415,0.5631277854595098,16.5,0.006348292975100539,0.03333333333333334,0.04071452404785739,0.04899691358024691,0.043461500252923425,0.4999944369339933
50%,24.0,23.0,1.9166666666666667,4.0,1.2424691358024689,0.761509821370714,24.0,0.009386926839757028,0.05194805194805195,0.06135265700483091,0.07500000000000001,0.06363777325503958,0.7070159294925485
75%,37.0,36.0,1.945945945945946,5.0,1.5052344467198644,1.1570355584634022,37.0,0.015417833800186742,0.07273929773929774,0.08554278192758585,0.10562091503267973,0.09971525512214621,0.9998437131352496
max,59.0,58.0,1.9661016949152543,10.0,4.19,3.1081826307474225,59.0,0.08333333333333333,0.3333333333333333,0.5,1.0,0.5007047205837583,0.9999990053348863
