,num_nodes,num_edges,avg_degree,max_degree,degree_variance,degree_skewness,num_strongly_connected_components,avg_betweenness,max_betweenness,avg_closeness,max_closeness,avg_eigenvector,max_eigenvector
count,290.0,290.0,290.0,290.0,290.0,290.0,290.0,290.0,290.0,290.0,290.0,290.0,290.0
mean,23.841379310344827,22.841379310344827,1.8424184536827664,4.382758620689655,1.2169433797444684,0.8713957033026445,23.841379310344827,0.016319490213486054,0.07317240789238008,0.10075645588418092,0.14004702229843533,0.11137013728816521,0.726949883967184
std,14.651275491350434,14.651275491350434,0.17811388707243778,1.2595844224636035,0.48677414917520956,0.49825413204101476,14.651275491350434,0.012624512127046733,0.04803922522304336,0.09082475885978827,0.16844444543007525,0.10439264326943125,0.20350760850028254
min,2.0,1.0,1.0,1.0,0.0,-0.4082482904638636,2.0,0.0,0.0,0.021433963697121593,0.024444444444444442,0.013805798273769102,0.3162187832559169
25%,12.0,11.0,1.8333333333333333,4.0,1.0038777942143324,0.5602240999945038,12.0,0.007534879336349925,0.0380952380952381,0.04544148353300139,0.05478972968319559,0.0425544739318058,0.5773229852072774
50%,23.0,22.0,1.9130434782608696,4.0,1.2216441207075959,0.8209767128673984,23.0,0.01229622117046052,0.06087199837199837,0.06421066252587991,0.07864357864357863,0.07090724479476865,0.7070633169889837
75%,33.0,32.0,1.9393939393939394,5.0,1.442639714625446,1.1425830889771227,33.0,0.021210750034279448,0.09672619047619047,0.11704545454545456,0.15,0.13401576608555846,0.9998095479144447
max,76.0,75.0,1.9736842105263157,8.0,3.5061728395061724,2.5752451569767443,76.0,0.08333333333333333,0.3333333333333333,0.5,1.0,0.5007047205837583,0.9999990053348863
