,num_nodes,num_edges,avg_degree,max_degree,degree_variance,degree_skewness,num_strongly_connected_components,avg_betweenness,max_betweenness,avg_closeness,max_closeness,avg_eigenvector,max_eigenvector
count,36.0,36.0,36.0,36.0,36.0,36.0,36.0,36.0,36.0,36.0,36.0,36.0,36.0
mean,26.305555555555557,25.305555555555557,1.8873844430083342,4.916666666666667,1.3589158288154095,1.0876266593457913,26.305555555555557,0.012965225596033393,0.05835605651195931,0.07630293602280735,0.09697662865747493,0.08874426675085008,0.719403263807629
std,14.616662594341616,14.616662594341616,0.091452955973285,1.2041594578792294,0.3828810680901327,0.5182003110422678,14.616662594341616,0.009672439550718975,0.03801394615685178,0.05035530322184017,0.07700503872105359,0.07402522234021405,0.20803062363973288
min,4.0,3.0,1.5,2.0,0.25,0.0,4.0,0.004002463054187192,0.017543859649122806,0.025571964411250123,0.029478458049886618,0.02006237335805231,0.4082448286753056
25%,14.75,13.75,1.8642857142857143,4.0,1.1112634071063652,0.7540369915667358,14.75,0.007199322416713722,0.03280304834484401,0.046833950100079146,0.05649350649350649,0.03779788721055747,0.5773036117197528
50%,25.0,24.0,1.919871794871795,5.0,1.3182716049382717,1.0487810319170072,25.0,0.008619811560988032,0.03918495297805642,0.06073947243935167,0.07343434343434344,0.057487272212919785,0.7070106437310787
75%,32.5,31.5,1.9384191176470589,6.0,1.6527426839741048,1.4083362834683224,32.5,0.015076671694318755,0.07699324324324325,0.08768315018315018,0.1092032967032967,0.10524512442976255,0.9997793413810185
max,64.0,63.0,1.96875,8.0,2.3600000000000003,2.548108228821742,64.0,0.041666666666666664,0.16666666666666666,0.27777777777777773,0.4444444444444444,0.272588958270976,0.9999960159898129
