,num_nodes,num_edges,avg_degree,max_degree,degree_variance,degree_skewness,num_weakly_connected_components,num_strongly_connected_components,avg_betweenness,max_betweenness,avg_closeness,max_closeness,avg_eigenvector,max_eigenvector
count,332.0,332.0,332.0,332.0,332.0,332.0,332.0,332.0,332.0,332.0,332.0,332.0,332.0,332.0
mean,11.58433734939759,10.614457831325302,1.6613492268785517,3.539156626506024,0.97659951891263,0.7975101315970461,0.9698795180722891,11.58433734939759,0.0219041464613678,0.08897408791362868,0.16304365232892146,0.23563869338964277,0.1951325808866177,0.7070891783983392
std,9.769648812938346,9.735264735150926,0.3611220308157572,1.4916595553846925,0.6659769389108907,0.5724096454213181,0.17117679753479603,9.769648812938346,0.02354952307315756,0.07560171271393179,0.10568848363656419,0.1962813158120932,0.13412388210185086,0.23217958292026242
min,0.0,0.0,0.0,0.0,0.0,-0.707106781186548,0.0,0.0,0.0,0.0,0.0,0.0,0.0,0.0
25%,5.0,4.0,1.6,3.0,0.638888888888889,0.43783284496206354,1.0,5.0,0.007526147856336534,0.040943856981592835,0.09030753968253968,0.1111111111111111,0.08464611555347681,0.5773380656228588
50%,9.0,8.0,1.7777777777777777,3.0,0.895607265597167,0.7071067811865479,1.0,9.0,0.016666666666666666,0.07874137797411454,0.13444444444444442,0.17222222222222222,0.16741150109673558,0.7070954779032377
75%,15.0,14.0,1.8666666666666667,4.0,1.2498212702679514,1.0867061078079239,1.0,15.0,0.03273809523809523,0.13333333333333333,0.21666666666666665,0.32333333333333336,0.28085654446821473,0.9999333374049377
max,58.0,57.0,1.9655172413793103,11.0,4.8395061728395055,3.382730041408152,1.0,58.0,0.16666666666666666,0.5,0.5,1.0,0.5007047205837583,0.9999990053348863
