,num_nodes,num_edges,avg_degree,max_degree,degree_variance,degree_skewness,num_strongly_connected_components,avg_betweenness,max_betweenness,avg_closeness,max_closeness,avg_eigenvector,max_eigenvector
count,398.0,398.0,398.0,398.0,398.0,398.0,398.0,398.0,398.0,398.0,398.0,398.0,398.0
mean,26.871859296482413,25.871859296482413,1.8768205794026076,4.5954773869346734,1.2894489439542316,0.9073295358138335,26.871859296482413,0.014064942629998552,0.06370141739907802,0.08191324733723161,0.10774367387010367,0.09424754099450029,0.7032739822920642
std,15.196982401653718,15.196982401653718,0.13433275931003635,1.216875318095337,0.46973393130728924,0.4866440439991996,15.196982401653718,0.010348269264316378,0.03668833692273493,0.06905691462682288,0.12364359703604284,0.08973427676214703,0.19683284287056202
min,2.0,1.0,1.0,1.0,0.0,0.0,2.0,0.0,0.0,0.020636336964250244,0.02292768959435626,0.013444530591589765,0.33332500362071155
25%,15.0,14.0,1.8666666666666667,4.0,1.0532309648393565,0.5957256380803385,15.0,0.006971550981342563,0.03571428571428571,0.04290484093115672,0.05042016806722689,0.03924280032595682,0.577285861295249
50%,25.5,24.5,1.9215384615384616,4.0,1.2216441207075963,0.8101213904816686,25.5,0.011128263271120414,0.05785893304690297,0.05900732600732601,0.07111111111111111,0.05964416552393859,0.7070307092250009
75%,36.75,35.75,1.9455705705705706,5.0,1.4706994328922496,1.1190135543575703,36.75,0.018250152625152623,0.08559981684981685,0.09533577533577534,0.11904761904761904,0.10910969127126804,0.9995797252592571
max,82.0,81.0,1.975609756097561,9.0,3.7508650519031135,3.1345445016115177,82.0,0.09166666666666667,0.2,0.5,1.0,0.5007047205837583,0.9999990053348863
