,num_nodes,num_edges,avg_degree,max_degree,degree_variance,degree_skewness,num_strongly_connected_components,avg_betweenness,max_betweenness,avg_closeness,max_closeness,avg_eigenvector,max_eigenvector
count,132.0,132.0,132.0,132.0,132.0,132.0,132.0,132.0,132.0,132.0,132.0,132.0,132.0
mean,55.765151515151516,54.765151515151516,1.9583056148778408,5.598484848484849,1.431080424220703,1.0524315794143264,55.765151515151516,0.005418462573028677,0.03067489447529996,0.032464633707357936,0.03799008534467831,0.03245422605836421,0.7273288469373161
std,19.67400728301908,19.67400728301908,0.020022963291026877,1.3126504187734385,0.33414369088301493,0.4883444582732137,19.67400728301908,0.003730374192168726,0.017865408278054988,0.013864228943272754,0.017129458010949908,0.01959316226902362,0.21628197264123877
min,14.0,13.0,1.8571428571428572,3.0,0.734375,0.16041000859827542,14.0,0.0012318311207396024,0.007277628032345013,0.011695745773458754,0.0130718954248366,0.010335191449447034,0.28864181833691915
25%,44.0,43.0,1.9545454545454546,5.0,1.2186486614320098,0.7800522570934576,44.0,0.0029274024273361655,0.018104215667842056,0.024526293414514354,0.028188478188478187,0.019997025219301214,0.5772209868840013
50%,57.0,56.0,1.9649122807017543,5.0,1.377884601186976,0.9845934647457616,57.0,0.004639471173084618,0.02509382247522665,0.028273794688889027,0.03265977443609022,0.028231804795283442,0.7069658221338639
75%,65.25,64.25,1.9693473193473194,6.0,1.577776611862984,1.2314070223230569,65.25,0.006655371056383084,0.038929448929448926,0.03537916174613295,0.0419297095417345,0.03925926623728632,0.9995741132643114
max,145.0,144.0,1.986206896551724,10.0,3.1571279916753383,3.099198403787923,145.0,0.02243107769423559,0.11333333333333334,0.09432234432234432,0.11538461538461539,0.16040727587644926,0.9999182944231395
