,num_nodes,num_edges,avg_degree,max_degree,degree_variance,degree_skewness,num_strongly_connected_components,avg_betweenness,max_betweenness,avg_closeness,max_closeness,avg_eigenvector,max_eigenvector
count,1687.0,1687.0,1687.0,1687.0,1687.0,1687.0,1687.0,1687.0,1687.0,1687.0,1687.0,1687.0,1687.0
mean,54.17427385892116,53.17427385892116,1.9520494010281852,5.665085951393006,1.4627209438884838,1.1014556437514909,54.17427385892116,0.005561299636263095,0.03147001599881848,0.03594567311342886,0.04303964667734951,0.038233981454719033,0.6873718002994929
std,19.482765500141344,19.482765500141344,0.04845360160352985,1.2756905795091176,0.3289655082599683,0.4572084883244284,19.482765500141344,0.005082788344031388,0.020723857763129405,0.027501284153279074,0.04027516300495167,0.03341567802450688,0.2178114148912635
min,3.0,2.0,1.3333333333333333,2.0,0.2222222222222222,0.0,3.0,0.0,0.0,0.011710260354375534,0.012720156555772993,0.009257011099594006,0.22359713178059062
25%,43.0,42.0,1.9534883720930232,5.0,1.2622222222222224,0.8006030359810157,43.0,0.0028965985684710916,0.01809954751131222,0.024512637634932007,0.028205128205128206,0.021623871122583294,0.4999496513511448
50%,55.0,54.0,1.9636363636363636,6.0,1.4415479709755443,1.0443085645164896,55.0,0.004080921180801215,0.026127880558260305,0.02898489234967223,0.03333333333333333,0.030310297335141567,0.706871706307265
75%,66.0,65.0,1.9696969696969697,6.0,1.6381214317611135,1.3224560883569685,66.0,0.006247914890364409,0.03801766857412542,0.03600146423026794,0.041739256678281066,0.043018516449789955,0.9994908123713635
max,147.0,146.0,1.9863945578231292,14.0,3.698888888888888,4.345759700348101,147.0,0.06037151702786377,0.17647058823529413,0.3333333333333333,0.5,0.47188801158819266,0.9999960159898129
