,num_nodes,num_edges,avg_degree,max_degree,degree_variance,degree_skewness,num_strongly_connected_components,avg_betweenness,max_betweenness,avg_closeness,max_closeness,avg_eigenvector,max_eigenvector
count,15.0,15.0,15.0,15.0,15.0,15.0,15.0,15.0,15.0,15.0,15.0,15.0,15.0
mean,68.13333333333334,67.13333333333334,1.9693821696612548,5.866666666666666,1.4228057140840817,1.0361751769392689,68.13333333333334,0.0034682832339952103,0.021382533268656252,0.024351971487765186,0.028084193840706373,0.027307224333545134,0.619459535854139
std,14.361986863476329,14.361986863476329,0.006644210495537252,1.0600988273786194,0.23774753772282195,0.3618798614593245,14.361986863476329,0.00240569400166326,0.014679944983195255,0.004897016919728977,0.005923749624437408,0.009861740314055014,0.18912270176149837
min,44.0,43.0,1.9545454545454546,4.0,1.1756055363321798,0.5925005200247744,44.0,0.0014123754628392563,0.007682177348551361,0.01681889710646668,0.01883830455259027,0.014687507800379638,0.37793623574140406
25%,59.5,58.5,1.9663841807909606,5.0,1.224790805785124,0.7539883085858814,59.5,0.0020310017165254103,0.011214849765598077,0.021755321303190592,0.02505337799455446,0.020442071055875186,0.4998937735830622
50%,68.0,67.0,1.9705882352941178,6.0,1.4102268358323722,0.9874058844192792,68.0,0.0023962594973699594,0.01557935735150925,0.023188852655490057,0.026533996683250412,0.024788391940614773,0.5772161887720737
75%,75.0,74.0,1.9732572651096452,6.5,1.5321823473449576,1.2605741754126114,75.0,0.004418898013020364,0.026681281208135427,0.02616444636169943,0.030583154750308462,0.03366162337021915,0.706921461483415
max,99.0,98.0,1.97979797979798,8.0,1.965555555555555,1.7486851489568316,99.0,0.009607710112538909,0.059023066485753055,0.03617696902580623,0.041860465116279076,0.04855903831893113,0.9998054569172046
