,num_nodes,num_edges,avg_degree,max_degree,degree_variance,degree_skewness,num_weakly_connected_components,num_strongly_connected_components,avg_betweenness,max_betweenness,avg_closeness,max_closeness,avg_eigenvector,max_eigenvector
count,230.0,230.0,230.0,230.0,230.0,230.0,230.0,230.0,230.0,230.0,230.0,230.0,230.0,230.0
mean,13.665217391304347,12.656521739130435,1.6524145319897663,3.7130434782608694,1.0468596131893602,0.9377247138679041,1.008695652173913,13.665217391304347,0.017717150396869965,0.07390958374776684,0.17172875296839943,0.24810035728546756,0.23136011650428787,0.6786758845326948
std,15.143451138956056,15.133159348475042,0.3239410916965451,1.4792020591270958,0.6975147185904639,0.5824174138292731,0.20878739835122118,15.143451138956056,0.02665308704334795,0.08824764763440696,0.11567746990361939,0.2129570637003043,0.15789320196258044,0.22077368198680078
min,0.0,0.0,0.0,0.0,0.0,-0.4082482904638636,0.0,0.0,0.0,0.0,0.0,0.0,0.0,0.0
25%,4.0,3.0,1.5,3.0,0.64,0.5639658975357547,1.0,4.0,0.0,0.0,0.08114495798319328,0.09873949579831932,0.0833545688242512,0.49999938194806265
50%,8.0,7.0,1.75,4.0,0.9912761400856638,0.8437499999999993,1.0,8.0,0.011471950636037323,0.05291811846689895,0.14880952380952378,0.19047619047619047,0.2241618233601309,0.7069920734101258
75%,16.0,15.0,1.8729166666666668,5.0,1.3945756172839505,1.3329773873325492,1.0,16.0,0.022612347002590908,0.10706654456654456,0.25,0.3333333333333333,0.3729485416379219,0.7071060358259995
max,115.0,114.0,1.982608695652174,8.0,3.9375,2.3623984776187528,2.0,115.0,0.16666666666666666,0.5,0.5,1.0,0.5007047205837583,0.9999990053348863
