,num_nodes,num_edges,avg_degree,max_degree,degree_variance,degree_skewness,num_weakly_connected_components,num_strongly_connected_components,avg_betweenness,max_betweenness,avg_closeness,max_closeness,avg_eigenvector,max_eigenvector
count,157.0,157.0,157.0,157.0,157.0,157.0,157.0,157.0,157.0,157.0,157.0,157.0,157.0,157.0
mean,14.94267515923567,13.936305732484076,1.6486227336771946,3.8980891719745223,1.1417769485345812,1.0041899387752637,1.0063694267515924,14.94267515923567,0.01754972339934471,0.07590206469187727,0.15858358943909348,0.2294307188749034,0.21336893877844929,0.6624985054440744
std,16.353170334132017,16.323524603947277,0.3790902611595378,1.645447150573582,0.7778243210108401,0.6098554014868144,0.26546561143424297,16.353170334132017,0.026304282450621417,0.08625168854637376,0.11595375901184911,0.21718737496007307,0.1538125151434522,0.2448009733366689
min,0.0,0.0,0.0,0.0,0.0,0.0,0.0,0.0,0.0,0.0,0.0,0.0,0.0,0.0
25%,5.0,4.0,1.6,3.0,0.6875,0.5662347246447393,1.0,5.0,0.0,0.0,0.06738542254846602,0.07954545454545454,0.07234816368918191,0.49999801708433217
50%,8.0,7.0,1.7142857142857142,4.0,1.1020408163265303,1.0843522504242387,1.0,8.0,0.011502896613190731,0.06521739130434782,0.1435185185185185,0.1875,0.19320560708310375,0.5773496063057992
75%,21.0,20.0,1.894736842105263,5.0,1.4400000000000002,1.4253263561857916,1.0,21.0,0.025000000000000005,0.10714285714285714,0.2,0.26666666666666666,0.33414732808703973,0.9997087097800563
max,77.0,76.0,1.974025974025974,9.0,5.239669421487603,2.7704082687017415,2.0,77.0,0.16666666666666666,0.5,0.5,1.0,0.5007047205837583,0.9999990053348863
