,num_nodes,num_edges,avg_degree,max_degree,degree_variance,degree_skewness,num_strongly_connected_components,avg_betweenness,max_betweenness,avg_closeness,max_closeness,avg_eigenvector,max_eigenvector
count,1880.0,1880.0,1880.0,1880.0,1880.0,1880.0,1880.0,1880.0,1880.0,1880.0,1880.0,1880.0,1880.0
mean,67.75478723404255,66.75478723404255,1.968917791158041,6.024468085106383,1.5127901331865268,1.161557702532308,67.75478723404255,0.0039059561418911103,0.025499780674646914,0.024943946344012542,0.028629759030456243,0.02641905966055405,0.6787062485584022
std,15.68207888467704,15.68207888467704,0.007176467768880109,1.2265630334307198,0.2905028647315113,0.45117013288115276,15.68207888467704,0.0022433118371849407,0.013048853290957863,0.005286204457219836,0.006309341550881494,0.01106443519852511,0.22085304719644538
min,33.0,32.0,1.9393939393939394,4.0,0.9322222222222221,0.2752267347432046,33.0,0.0007791994750656168,0.004752475247524753,0.01107713160031041,0.012444444444444445,0.007042795418983315,0.26723376229189777
25%,57.0,56.0,1.9649122807017543,5.0,1.3104004299919378,0.8582260674183818,57.0,0.002387622006612827,0.015855855855855857,0.02120235569442716,0.024192506927748648,0.01784190244659494,0.499920732041889
50%,66.0,65.0,1.9696969696969697,6.0,1.4767616694505776,1.0981148366850655,66.0,0.003357750758761603,0.022714987714987714,0.024373240984104077,0.027819237147595356,0.024513218527664235,0.7067724970358535
75%,77.0,76.0,1.974025974025974,7.0,1.665021647805213,1.3731062806187244,77.0,0.004838555004098783,0.03191875366704752,0.028121234540726063,0.03232323232323232,0.03272932647780047,0.9993239164327846
max,151.0,150.0,1.9867549668874172,14.0,4.2330915837409355,4.270369299649997,151.0,0.021577380952380952,0.0945273631840796,0.04617231649317211,0.05509641873278237,0.07415876037546769,0.9999184322036203
