,num_nodes,num_edges,avg_degree,max_degree,degree_variance,degree_skewness,num_weakly_connected_components,num_strongly_connected_components,avg_betweenness,max_betweenness,avg_closeness,max_closeness,avg_eigenvector,max_eigenvector
count,1696.0,1696.0,1696.0,1696.0,1696.0,1696.0,1696.0,1696.0,1696.0,1696.0,1696.0,1696.0,1696.0,1696.0
mean,15.033608490566039,14.057193396226415,1.644267119446427,3.7794811320754715,1.0599706913308726,0.9092147696118714,0.9764150943396226,15.033608490566039,0.018128395009245964,0.07425493839582004,0.15371106080070082,0.22108241844071586,0.20021818412649756,0.6582962690634393
std,14.855113127376745,14.80746547422095,0.4153215226661305,1.6764068091052042,0.7078598384428686,0.5815181063111953,0.24417292070509133,14.855113127376745,0.023373164450043612,0.07842269754579129,0.11641545782338644,0.21082425108787017,0.1580606329832029,0.24276945994367866
min,0.0,0.0,0.0,0.0,0.0,-0.707106781186548,0.0,0.0,0.0,0.0,0.0,0.0,0.0,0.0
25%,4.0,3.0,1.5,3.0,0.64,0.5163977794943222,1.0,4.0,0.0,0.0,0.06336991028295375,0.07453416149068322,0.06309567030520911,0.4999985200510452
50%,9.0,8.0,1.7777777777777777,4.0,1.0532544378698225,0.8437499999999993,1.0,9.0,0.012715695571732723,0.06430934656741108,0.125,0.16000000000000003,0.14377927927425999,0.7068626690620714
75%,22.0,21.0,1.9053156146179402,5.0,1.4400000000000002,1.2150594080276669,1.0,22.0,0.026208513708513712,0.1111111111111111,0.2333333333333333,0.3333333333333333,0.33414732808703973,0.7071060358259995
max,106.0,105.0,1.9811320754716981,12.0,5.239669421487604,3.5647157302384445,2.0,106.0,0.16666666666666666,0.5,0.5,1.0,0.5007047205837583,0.9999990053348863
