,num_nodes,num_edges,avg_degree,max_degree,degree_variance,degree_skewness,num_strongly_connected_components,avg_betweenness,max_betweenness,avg_closeness,max_closeness,avg_eigenvector,max_eigenvector
count,157.0,157.0,157.0,157.0,157.0,157.0,157.0,157.0,157.0,157.0,157.0,157.0,157.0
mean,68.40127388535032,67.40127388535032,1.9678764782646447,6.025477707006369,1.5018061215238792,1.1725757218438402,68.40127388535032,0.0044303689076921355,0.028226254171060096,0.02580906416379488,0.029715251913648048,0.02780874783734594,0.6606000700452416
std,23.816569289588877,23.816569289588877,0.00990104870435432,1.4230206432453467,0.323232374304063,0.49306386722432577,23.816569289588877,0.0021309545334434227,0.012384538146016241,0.007182584571243237,0.008698673604947155,0.012431217134012695,0.21600865596489408
min,28.0,27.0,1.9285714285714286,4.0,0.9983999999999998,0.36306912986083023,28.0,0.0011707286936644735,0.00898876404494382,0.009148547044139598,0.010185892538833714,0.005801373659821268,0.33331414332505643
25%,56.0,55.0,1.9642857142857142,5.0,1.2869206230061925,0.826575463944458,56.0,0.0028102474186635492,0.018518518518518517,0.02115375700474812,0.024291497975708502,0.019024072180564636,0.49989952653008846
50%,65.0,64.0,1.9692307692307693,6.0,1.4538708045201552,1.1012028334295672,65.0,0.003932178932178933,0.02564102564102564,0.025088560366715047,0.028619528619528618,0.025399433298599564,0.5772705718813856
75%,77.0,76.0,1.974025974025974,7.0,1.6354453627180903,1.3747821330524013,77.0,0.005532930190464436,0.036036036036036036,0.029083839841415608,0.03316326530612245,0.035087246147159516,0.7070331304585958
max,189.0,188.0,1.9894179894179893,15.0,3.1996694214876045,3.944219872003436,189.0,0.01305766608221313,0.0722689075630252,0.05186444948349711,0.06349206349206349,0.07037594268693302,0.9999061856111173
