,num_nodes,num_edges,avg_degree,max_degree,degree_variance,degree_skewness,num_weakly_connected_components,num_strongly_connected_components,avg_betweenness,max_betweenness,avg_closeness,max_closeness,avg_eigenvector,max_eigenvector
count,1819.0,1819.0,1819.0,1819.0,1819.0,1819.0,1819.0,1819.0,1819.0,1819.0,1819.0,1819.0,1819.0,1819.0
mean,14.598680593732821,13.592633315008246,1.683451986208868,3.962067069818582,1.1709133561004814,0.9897351512228758,1.006047278724574,14.598680593732821,0.019233186898831498,0.07969540131240604,0.15733628611216205,0.22496845595615805,0.2070505456308076,0.6778279561503848
std,14.977523255821424,14.955951850588024,0.32237708584040203,1.6431312891375873,0.8260934980256353,0.6284613202990462,0.20836927734023136,14.977523255821424,0.024449764908597505,0.08212825570354118,0.10966963403827042,0.2019950521267556,0.1493236676335824,0.22424873421672875
min,0.0,0.0,0.0,0.0,0.0,-0.707106781186548,0.0,0.0,0.0,0.0,0.0,0.0,0.0,0.0
25%,5.0,4.0,1.6,3.0,0.6875,0.5891198977906642,1.0,5.0,0.0,0.0,0.07399187452758879,0.08888888888888889,0.07396178229282702,0.49999938194806265
50%,9.0,8.0,1.7777777777777777,4.0,1.0617283950617284,0.8883605317199468,1.0,9.0,0.014285714285714287,0.06666666666666668,0.13425925925925924,0.16666666666666666,0.16736988833561506,0.7070383798374122
75%,19.0,18.0,1.894736842105263,5.0,1.440679012345679,1.4253263561857916,1.0,19.0,0.026785714285714284,0.11904761904761904,0.20555555555555557,0.3,0.3339433345726497,0.8530403584032769
max,165.0,164.0,1.9878787878787878,13.0,7.053254437869823,3.8087038281664483,2.0,165.0,0.16666666666666666,0.5,0.5,1.0,0.5007047205837583,0.9999990053348863
