,num_nodes,num_edges,avg_degree,max_degree,degree_variance,degree_skewness,num_strongly_connected_components,avg_betweenness,max_betweenness,avg_closeness,max_closeness,avg_eigenvector,max_eigenvector
count,1679.0,1679.0,1679.0,1679.0,1679.0,1679.0,1679.0,1679.0,1679.0,1679.0,1679.0,1679.0,1679.0
mean,56.858844550327575,55.858844550327575,1.9573096022582255,5.8296605122096485,1.4679396723819458,1.1338743414529713,56.858844550327575,0.005398024124028716,0.030971448737140854,0.03275029688075732,0.038818515570796866,0.03440883950794441,0.6749770607503931
std,18.539130830912484,18.539130830912484,0.036760390847810506,1.5690850690161042,0.3805982931583805,0.5856705385539795,18.539130830912484,0.004409787835295462,0.01910343535123178,0.021583069504209032,0.03200217963243139,0.023716469341324167,0.20838180074902787
min,4.0,3.0,1.5,2.0,0.25,0.0,4.0,0.0008127289377289377,0.003968253968253968,0.012989717509659812,0.014202172096908938,0.009236136966636027,0.2773070884364253
25%,45.0,44.0,1.9555555555555555,5.0,1.2448266595001343,0.7541264192516755,45.0,0.0029185868578590823,0.018779342723004695,0.02348790835685493,0.027143181664691762,0.021595256088552547,0.49994136658827665
50%,58.0,57.0,1.9655172413793103,6.0,1.4060356652949244,1.024735759996707,58.0,0.004148301788955146,0.02600633197648123,0.0274199954780717,0.031818181818181815,0.028985721208157216,0.706839120569312
75%,69.0,68.0,1.9710144927536233,6.0,1.6195005945303207,1.3770153536434109,69.0,0.006325419202131531,0.03872343631379776,0.03454194210123064,0.0404040404040404,0.039909074714269105,0.7070746554022318
max,134.0,133.0,1.9850746268656716,17.0,5.021092482422932,5.388492311844521,134.0,0.041666666666666664,0.16666666666666666,0.27777777777777773,0.4444444444444444,0.2892924499711758,0.9999960159898129
