,num_nodes,num_edges,avg_degree,max_degree,degree_variance,degree_skewness,num_strongly_connected_components,avg_betweenness,max_betweenness,avg_closeness,max_closeness,avg_eigenvector,max_eigenvector
count,1696.0,1696.0,1696.0,1696.0,1696.0,1696.0,1696.0,1696.0,1696.0,1696.0,1696.0,1696.0,1696.0
mean,70.35613207547169,69.35613207547169,1.970152875159417,6.142688679245283,1.4965679657784836,1.1790934574049752,70.35613207547169,0.004419495633688549,0.028524689929367374,0.02417323993579561,0.02774824780442814,0.025303262146797935,0.6703079724402516
std,14.74508860236826,14.74508860236826,0.007259433529581295,1.4745569485332315,0.30900879908539786,0.5421218898402161,14.74508860236826,0.0024939440738484596,0.013788655326835887,0.005367574693504343,0.006426414625393508,0.010099722392805488,0.21223472161796653
min,24.0,23.0,1.9166666666666667,3.0,0.8520408163265304,0.14179036476374005,24.0,0.0007215929850200951,0.0034100596760443308,0.012714831765626728,0.013888888888888888,0.008780664284118243,0.25818691641004815
25%,61.0,60.0,1.9672131147540983,5.0,1.2896432075253925,0.8285007605047444,61.0,0.0027323332762183737,0.018358735147629854,0.02066133300879567,0.02350813743218806,0.01785681685693701,0.4999065474008911
50%,70.0,69.0,1.9714285714285715,6.0,1.4384147531231408,1.0650702833174297,70.0,0.003746750736681825,0.02564102564102564,0.02321012867132472,0.026618357487922704,0.023414010527148962,0.7066839915040419
75%,80.0,79.0,1.975,7.0,1.6356889863383368,1.4017691093892948,80.0,0.005390138598258803,0.036871389579231174,0.02658315737690982,0.03055555555555555,0.030443548523135355,0.7070159610266382
max,137.0,136.0,1.9854014598540146,17.0,3.9687786960514226,5.685257257077533,137.0,0.021960761640456367,0.08942307692307692,0.06195652173913043,0.07246376811594202,0.0841810998568145,0.9999443210023802
