,num_nodes,num_edges,avg_degree,max_degree,degree_variance,degree_skewness,num_weakly_connected_components,num_strongly_connected_components,avg_betweenness,max_betweenness,avg_closeness,max_closeness,avg_eigenvector,max_eigenvector
count,135.0,135.0,135.0,135.0,135.0,135.0,135.0,135.0,135.0,135.0,135.0,135.0,135.0,135.0
mean,14.059259259259258,13.066666666666666,1.6560266847994356,3.8296296296296295,1.0858195258747805,0.9663200748636857,0.9925925925925926,14.059259259259258,0.017870008333500234,0.07356802667728056,0.16522058051822655,0.24050278901080163,0.22348990878325456,0.6627082233114122
std,13.612857707681972,13.591151643075529,0.35710146536818477,1.6685892725022426,0.6956345158821876,0.6228679474668691,0.19302371272997554,13.612857707681972,0.0232789971254979,0.08302761111921121,0.1211685918333667,0.22782463871127606,0.16357683327304828,0.21790926373149383
min,0.0,0.0,0.0,0.0,0.0,0.0,0.0,0.0,0.0,0.0,0.0,0.0,0.0,0.0
25%,4.0,3.0,1.5,3.0,0.7378808864265929,0.5891198977906642,1.0,4.0,0.0,0.0,0.06686134115481943,0.08100485373212646,0.06507136053206122,0.49999882404426366
50%,9.0,8.0,1.7777777777777777,4.0,1.0578512396694213,0.8824230857009702,1.0,9.0,0.009848484848484848,0.05194805194805195,0.14148148148148149,0.17777777777777778,0.18895006703425768,0.706950836022418
75%,21.0,20.0,1.9047619047619047,5.0,1.4400000000000002,1.4607677627277034,1.0,21.0,0.027728174603174602,0.11761083743842365,0.24166666666666664,0.3333333333333333,0.4003139705785433,0.7071060358259995
max,66.0,65.0,1.9696969696969697,10.0,3.8055555555555554,3.451922123342322,2.0,66.0,0.16666666666666666,0.5,0.5,1.0,0.5007047205837583,0.9999990053348863
