,num_nodes,num_edges,avg_degree,max_degree,degree_variance,degree_skewness,num_strongly_connected_components,avg_betweenness,max_betweenness,avg_closeness,max_closeness,avg_eigenvector,max_eigenvector
count,1668.0,1668.0,1668.0,1668.0,1668.0,1668.0,1668.0,1668.0,1668.0,1668.0,1668.0,1668.0,1668.0
mean,70.6540767386091,69.6540767386091,1.9699251110264417,5.778776978417266,1.3883159643392662,1.047028012982679,70.6540767386091,0.004607704788638167,0.028375503283019732,0.024373051190370486,0.028028565127632906,0.024132882909165643,0.7067290122498362
std,16.62900888747103,16.62900888747103,0.008106057843018518,1.207199137288529,0.2618158920478984,0.44453388120268567,16.62900888747103,0.002729088443586119,0.014358843859625032,0.006028095423956797,0.007263128568739402,0.010031649706794418,0.21385167290181528
min,28.0,27.0,1.9285714285714286,4.0,0.842469135802469,0.2065962794049888,28.0,0.0008010432190760059,0.00631578947368421,0.010855152184198105,0.011931818181818182,0.008107425240870466,0.2773356593378132
25%,61.0,60.0,1.9672131147540983,5.0,1.2154857560262966,0.7550063507125714,61.0,0.00277413742253886,0.01791355326881714,0.02050994092857836,0.023391812865497075,0.016564074924863826,0.4999645322395611
50%,71.0,70.0,1.971830985915493,6.0,1.3506208911614317,0.9804569414690572,71.0,0.0038877227959911147,0.024684102262709375,0.02303572504979154,0.02640845070422535,0.022391974753834108,0.7068407924717737
75%,80.0,79.0,1.975,6.0,1.5121630506245891,1.253245444650544,80.0,0.005587505426129188,0.035558599355327784,0.026616644930367826,0.030659309564233163,0.02929727440728669,0.9993781530051471
max,161.0,160.0,1.9875776397515528,13.0,3.6063052672049207,3.8964247431596353,161.0,0.022261072261072264,0.0863356053229471,0.05211640211640212,0.06172839506172839,0.08608082519149833,0.9999308031084256
