,num_nodes,num_edges,avg_degree,max_degree,degree_variance,degree_skewness,num_weakly_connected_components,num_strongly_connected_components,avg_betweenness,max_betweenness,avg_closeness,max_closeness,avg_eigenvector,max_eigenvector
count,1668.0,1668.0,1668.0,1668.0,1668.0,1668.0,1668.0,1668.0,1668.0,1668.0,1668.0,1668.0,1668.0,1668.0
mean,13.772781774580336,12.763189448441247,1.6621402818620528,3.76378896882494,1.0907619735601137,0.9361468404006513,1.0095923261390887,13.772781774580336,0.018264951886025463,0.07568449053813138,0.1660237143071219,0.2399400270489504,0.22019159468730048,0.6792908473558918
std,13.776014476639006,13.743853069639556,0.33443355054444296,1.5534725800022517,0.8130281907191558,0.5994488184824255,0.2215808973044714,13.776014476639006,0.023503624472590464,0.08008665154076858,0.11601893797855771,0.21664226506336767,0.15821576682838592,0.22359235648793716
min,0.0,0.0,0.0,0.0,0.0,-1.1547005383792517,0.0,0.0,0.0,0.0,0.0,0.0,0.0,0.0
25%,5.0,4.0,1.5,3.0,0.6575963718820862,0.5600208462742804,1.0,5.0,0.0,0.0,0.07490424971158054,0.09090909090909091,0.07187738246104332,0.49999938194806265
50%,8.0,7.0,1.75,4.0,0.9923955463728191,0.8437499999999993,1.0,8.0,0.01361602968676952,0.06593406593406594,0.14285714285714285,0.1875,0.1776643469161164,0.7070264176852896
75%,19.0,17.25,1.8888888888888888,5.0,1.4219467401285584,1.3578520778275007,1.0,19.0,0.026262626262626262,0.11538461538461538,0.2333333333333333,0.3333333333333333,0.35414461039824097,0.999595808901239
max,90.0,89.0,1.9777777777777779,11.0,7.638888888888887,3.2383275862519034,2.0,90.0,0.16666666666666666,0.5,0.5,1.0,0.5007047205837583,0.9999990053348863
