,num_nodes,num_edges,avg_degree,max_degree,degree_variance,degree_skewness,num_strongly_connected_components,avg_betweenness,max_betweenness,avg_closeness,max_closeness,avg_eigenvector,max_eigenvector
count,1629.0,1629.0,1629.0,1629.0,1629.0,1629.0,1629.0,1629.0,1629.0,1629.0,1629.0,1629.0,1629.0
mean,59.25291589932474,58.25291589932474,1.9595264773914012,5.518723143032536,1.3574788006802494,1.0063655051788147,59.25291589932474,0.005271398380382628,0.03000580457007691,0.031265034973090404,0.03690403137606992,0.031442964275214945,0.7176510010857319
std,18.994403007406884,18.994403007406884,0.031933263649062495,1.1652943402193985,0.2704060163851233,0.43575418016799655,18.994403007406884,0.003894161120837451,0.017354371009361682,0.018972407213923674,0.026908585187405885,0.023521411682577487,0.20993645679225403
min,4.0,3.0,1.5,2.0,0.25,0.0,4.0,0.000776587086272382,0.0043859649122807015,0.011181802026972536,0.012316715542521995,0.008556060770312122,0.21319494835770725
25%,47.0,46.0,1.9574468085106382,5.0,1.1852915828784834,0.7121713497387827,47.0,0.0030092417718012637,0.018292682926829267,0.022935128844219752,0.02629107981220657,0.019010456543639948,0.5771985097185058
50%,60.0,59.0,1.9666666666666666,5.0,1.32001131115091,0.9575450816305154,60.0,0.00422346640701071,0.025423728813559324,0.026879331676435605,0.031034482758620693,0.025695553153540943,0.706932298788579
75%,71.0,70.0,1.971830985915493,6.0,1.4865220249835633,1.2071175292128746,71.0,0.006341864528728543,0.03745318352059925,0.03295223531192919,0.03864734299516908,0.03567929098070246,0.9995043161087691
max,156.0,155.0,1.9871794871794872,13.0,3.078357268833459,4.035239163057534,156.0,0.041666666666666664,0.16666666666666666,0.27777777777777773,0.4444444444444444,0.25099749953385275,0.9999960159898129
