,num_nodes,num_edges,avg_degree,max_degree,degree_variance,degree_skewness,num_strongly_connected_components,avg_betweenness,max_betweenness,avg_closeness,max_closeness,avg_eigenvector,max_eigenvector
count,1819.0,1819.0,1819.0,1819.0,1819.0,1819.0,1819.0,1819.0,1819.0,1819.0,1819.0,1819.0,1819.0
mean,69.03903243540407,68.03903243540407,1.9681538168492998,5.904343045629466,1.4637327770085546,1.100730785196437,69.03903243540407,0.0047397191932371605,0.02892326807386827,0.025618216288000907,0.02952509878437979,0.026456262387592286,0.6903204337456114
std,23.692337547596363,23.692337547596363,0.010117934908086882,1.427252372357524,0.3357629274599224,0.5173458806190161,23.692337547596363,0.0027460737203187317,0.014725167863144897,0.007364597127029656,0.008894526534406895,0.012624478296695418,0.2149499441156104
min,22.0,21.0,1.9090909090909092,4.0,0.873263888888889,0.2259865475654526,22.0,0.00038342919063099105,0.003626121567833772,0.006821643672646629,0.007504168982768204,0.004720905134593545,0.2672295250541077
25%,56.0,55.0,1.9642857142857142,5.0,1.245536651963873,0.7578970290881601,56.0,0.002807036261322687,0.01779648901580273,0.021047823387032948,0.024,0.017559847149380026,0.49994677301698065
50%,66.0,65.0,1.9696969696969697,6.0,1.3993750000000003,0.9933374883866292,66.0,0.00403469079939668,0.025630252100840335,0.02450454087358849,0.028138528138528136,0.02354671760864846,0.706827532293626
75%,78.0,77.0,1.9743589743589745,6.0,1.5987832874196506,1.306533962660255,78.0,0.006050551392296713,0.037798408488063664,0.02881372665207252,0.03333333333333333,0.03222728336421418,0.9992151644640694
max,258.0,257.0,1.9922480620155039,15.0,3.918399999999999,4.845149867135382,258.0,0.022358390779443408,0.09672830725462304,0.06493506493506492,0.07936507936507936,0.10706087309825192,0.9999174870072461
