,num_nodes,num_edges,avg_degree,max_degree,degree_variance,degree_skewness,num_strongly_connected_components,avg_betweenness,max_betweenness,avg_closeness,max_closeness,avg_eigenvector,max_eigenvector
count,230.0,230.0,230.0,230.0,230.0,230.0,230.0,230.0,230.0,230.0,230.0,230.0,230.0
mean,69.78260869565217,68.78260869565217,1.967169290691349,5.6869565217391305,1.3922033448705504,1.020015292191215,69.78260869565217,0.004503635309444981,0.02705627840424521,0.02616347126371698,0.03029018431110047,0.026841791509929137,0.6990717551155762
std,24.954905218714682,24.954905218714682,0.01287105800336345,1.1811120316418589,0.25455541753675803,0.40263829638509746,24.954905218714682,0.0028879298439871007,0.01388336694532024,0.00940432180575923,0.011338820459168201,0.014603025009364055,0.21737302199862485
min,26.0,25.0,1.9230769230769231,4.0,0.8869135802469132,0.30682999791592896,26.0,0.0009412358329451948,0.005243445692883895,0.011300236909954482,0.012925170068027212,0.007098439337355713,0.33329017792811766
25%,49.25,48.25,1.9593877551020409,5.0,1.2096884897209574,0.7331001535460543,49.25,0.0024073895337780515,0.016815135665250083,0.019773975322441798,0.02254031537568123,0.01664856848861323,0.4999421638125587
50%,69.0,68.0,1.9710144927536233,6.0,1.362422222222222,1.015008124555226,69.0,0.003744617221731252,0.025457085050302558,0.02321770675589815,0.02667996085019967,0.023626643087682357,0.7067812420538921
75%,82.75,81.75,1.9758301498677637,6.0,1.5452257032820687,1.2394532073255222,82.75,0.005598275105166714,0.035132996920971604,0.032231030178028655,0.037516716088144664,0.033101149906807306,0.9992516763143323
max,148.0,147.0,1.9864864864864864,10.0,2.340868530636526,2.578843506819043,148.0,0.01789035999562316,0.07357357357357357,0.05723076923076923,0.06666666666666667,0.09865539057658232,0.9999346535037253
