,num_nodes,num_edges,avg_degree,max_degree,degree_variance,degree_skewness,num_strongly_connected_components,avg_betweenness,max_betweenness,avg_closeness,max_closeness,avg_eigenvector,max_eigenvector
count,219.0,219.0,219.0,219.0,219.0,219.0,219.0,219.0,219.0,219.0,219.0,219.0,219.0
mean,59.945205479452056,58.945205479452056,1.9583800222295757,5.52054794520548,1.375659741721696,1.0084284606175067,59.945205479452056,0.005023831528967509,0.028494640700980005,0.03197084505105269,0.03775933266400377,0.03296747995868599,0.7104617666836203
std,24.817992739227996,24.817992739227996,0.0272193231906716,1.2052209326691614,0.26076915739894946,0.4120974409360848,24.817992739227996,0.003379858965043678,0.01480938553473987,0.01710165410087195,0.02250959185906505,0.023083583161998506,0.21327201895297576
min,7.0,6.0,1.7142857142857142,3.0,0.8302469135802467,0.16673741539332762,7.0,0.001070336391437309,0.005362614913176711,0.01337655843991966,0.014536644457904301,0.008460639798779061,0.3014963281267651
25%,40.0,39.0,1.95,5.0,1.1951673469387756,0.7168163899935811,40.0,0.0026890355015355013,0.017697107834343785,0.021419443774877815,0.02455052455052455,0.01863610732604984,0.5771485664337499
50%,58.0,57.0,1.9655172413793103,5.0,1.36094674556213,0.9674368098325326,58.0,0.00406243774723242,0.02631578947368421,0.02691328635067292,0.03129074315514994,0.026689891748474713,0.7068665028114771
75%,76.5,75.5,1.9738550922761449,6.0,1.5091308779112813,1.218176513453515,76.5,0.006493826597490199,0.037148892804823676,0.03853750980275371,0.04493589743589744,0.03800014397208605,0.9994548826252346
max,128.0,127.0,1.984375,10.0,2.7706986765158508,2.578843506819043,128.0,0.020396270396270396,0.07575757575757576,0.1587301587301587,0.2222222222222222,0.20292667221568697,0.9999579959021881
