,num_nodes,num_edges,avg_degree,max_degree,degree_variance,degree_skewness,num_strongly_connected_components,avg_betweenness,max_betweenness,avg_closeness,max_closeness,avg_eigenvector,max_eigenvector
count,135.0,135.0,135.0,135.0,135.0,135.0,135.0,135.0,135.0,135.0,135.0,135.0,135.0
mean,67.61481481481482,66.61481481481482,1.9685077582723343,5.925925925925926,1.4667329076811306,1.1148392684364559,67.61481481481482,0.004946867777513518,0.02950876705429839,0.025384060517523836,0.029233583706732073,0.02611432432244534,0.6953814414277182
std,17.24839823200775,17.24839823200775,0.008342235706826174,1.284985798339721,0.2903501230380875,0.4749965860512299,17.24839823200775,0.0035184053659244627,0.016917941693620115,0.0061098684538849046,0.00727904231680512,0.012393921496235189,0.21738216747090508
min,31.0,30.0,1.935483870967742,4.0,0.9569529855187465,0.39724431812718203,31.0,0.0012562042360803973,0.007346326836581709,0.011052790875923337,0.012302960399846213,0.00988421900141988,0.31622123093408205
25%,57.0,56.0,1.9649122807017543,5.0,1.2732501785532087,0.8246059908897581,57.0,0.0027456187227896016,0.017136150234741784,0.021556639031145117,0.024828767123287673,0.0172957193096404,0.499921601870438
50%,66.0,65.0,1.9696969696969697,6.0,1.4151925078043703,1.0274605557516292,66.0,0.004072294669412034,0.024096385542168672,0.02476845746693546,0.028645833333333332,0.024127569469783956,0.7067907664573071
75%,75.5,74.5,1.9735087719298245,6.0,1.589268755935423,1.2503064909034536,75.5,0.0062883079097236965,0.03898807898807899,0.028070066176436717,0.03239755933721451,0.03174385990982134,0.9994054781355798
max,154.0,153.0,1.9870129870129871,10.0,3.026629935720844,3.1908848890209622,154.0,0.023804122374902772,0.10116550116550116,0.04854326676907322,0.058333333333333334,0.09658012206975787,0.9998601086749159
