,num_nodes,num_edges,avg_degree,max_degree,degree_variance,degree_skewness,num_weakly_connected_components,num_strongly_connected_components,avg_betweenness,max_betweenness,avg_closeness,max_closeness,avg_eigenvector,max_eigenvector
count,1880.0,1880.0,1880.0,1880.0,1880.0,1880.0,1880.0,1880.0,1880.0,1880.0,1880.0,1880.0,1880.0,1880.0
mean,20.02340425531915,19.03936170212766,1.658896075735744,3.9414893617021276,1.0604828677176985,0.9092725489308073,0.9840425531914894,20.02340425531915,0.016918477629622904,0.0679879715733846,0.15314342663867297,0.2289402438656424,0.1896524982805621,0.6832523582730502
std,22.088131690618383,22.05338589171754,0.40678496591246127,1.890505088323411,0.7156010618997777,0.6068260128479183,0.22781708931042866,22.088131690618383,0.025996691534413797,0.08097928260567486,0.1307339823903662,0.24417066262429504,0.1626361896355038,0.24223863268273016
min,0.0,0.0,0.0,0.0,0.0,-0.707106781186548,0.0,0.0,0.0,0.0,0.0,0.0,0.0,0.0
25%,4.0,3.0,1.5,3.0,0.6172839506172839,0.5592353781818773,1.0,4.0,0.0,0.0,0.047800179211469535,0.05640120967741935,0.04943377364952632,0.49999938194806265
50%,10.0,9.0,1.8,4.0,1.0899999999999999,0.8437499999999993,1.0,10.0,0.008874750980014137,0.045454545454545456,0.11516122766122767,0.14545454545454548,0.12966509400544163,0.7070538387449619
75%,28.0,27.0,1.9259259259259258,5.0,1.4439403388089271,1.2846679687500002,1.0,28.0,0.024242424242424242,0.1,0.2333333333333333,0.3333333333333333,0.2892924499711758,0.9997226626966105
max,151.0,150.0,1.9867549668874172,13.0,6.138888888888887,4.237796062842655,2.0,151.0,0.16666666666666666,0.5,0.5,1.0,0.5007047205837583,0.9999990053348863
